{
    "listLogin": {
        "u11415f43fc09dc8d8bb02382bacfb1ad": "@💯AROGAN",
        "u1e8e6b798d2a3761501aa99e26543900": "@ＤＥＫＫＥＲܮ",
        "u34f066ca205f860a00594198fc0e60c0": "@diky",
        "u3b4ae2fd503f6910a8cc156fa37a1730": "@jahe",
        "u3c5c42028d30f7eacaeb9516c35ab04d": "@💕DayahJegeq💕",
        "u50901d865f45a55663e3617f4bd8f477": "@ﱞﱞ(༆ᬊ᭄ﱞ➻ه)jaheﱞﱞ(༆ᬊ",
        "u556a2c9fb25604db2fb1bfed007ce41c": "@💞",
        "u659f9ef4f7b53c8e7ec5791f621cfc46": "@✍͢͡➴͜͡𝓓𝓮ͤ𝔀ͣ𝓪ྡ❁͢➻•┅━𖤓",
        "u778ef56b2d3556b451d7bfb194e63139": "@Windari¥,£ov€,MHUZ",
        "u7f351229b671e12d52bfa39b475295b9": "@ABI",
        "ua0d076a40c0548618af78727e8261ef1": "@Razka",
        "ua260c4ca5576b7696129f33a9df3636b": "@✦❥⃝∗⁎.ʚAlfan",
        "ua720fe287c28d3680742f19baf49abea": "@➴͜͡❁͢𝓚𝓸𝔂𝓸𝓼",
        "ube25e5a47f86bbcdac7cf4a8fd50044c": "@✍𝀫𝒔𝒜𝒩𝓽𝒾𝓎𝒜",
        "uce2bd68760c046c68a1e576ceff36190": "@➻ཹ⃕❀𝖉𝖍𝖆𝖆",
        "ud1a92ec1991d5d0d165252ccc3acbb63": "@🥰Incesz🥰",
        "ud5230dc26038ca4389e4b0776e7d441a": "@Dinds",
        "ud629464af85347533df761340a175981": "@🇮🇩",
        "uf0fab1fce1438bb333f88df4342f2872": "@███▓▒░░░░▒▓███",
        "uf640e01cc895d4ab663b452cc91b798e": "@ADINDA"
    },
    "myService": {
        "u11415f43fc09dc8d8bb02382bacfb1ad": "@💯AROGAN",
        "u1e8e6b798d2a3761501aa99e26543900": "@ＤＥＫＫＥＲܮ",
        "u3c5c42028d30f7eacaeb9516c35ab04d": "@💕DayahJegeq💕",
        "u45434860f3c8857405340c43bbba2a54": "@@😍😍Putry__Syakila",
        "u659f9ef4f7b53c8e7ec5791f621cfc46": "@✍͢͡➴͜͡𝓓𝓮ͤ𝔀ͣ𝓪ྡ❁͢➻•┅━𖤓",
        "u7f351229b671e12d52bfa39b475295b9": "@ABI",
        "ua0d076a40c0548618af78727e8261ef1": "@Razka",
        "ua720fe287c28d3680742f19baf49abea": "@➴͜͡❁͢𝓚𝓸𝔂𝓸𝓼",
        "ube25e5a47f86bbcdac7cf4a8fd50044c": "@✍𝀫𝒔𝒜𝒩𝓽𝒾𝓎𝒜",
        "ud5230dc26038ca4389e4b0776e7d441a": "@Dinds",
        "uf0fab1fce1438bb333f88df4342f2872": "@███▓▒░░░░▒▓███"
    }
}